{"conv1d": {"bias:0": [0.004481770098209381, 0.013820397667586803, -0.005485426634550095, 0.0006153634167276323], "kernel:0": [[[-0.12381144613027573, 0.9750201106071472, 6.829499244689941, -2.164576292037964]], [[-0.34136077761650085, -2.2315616607666016, -7.596929550170898, 2.1492059230804443]], [[0.6626667380332947, -0.08233894407749176, 0.36296552419662476, -0.8420173525810242]], [[-0.5610197186470032, -0.374247282743454, 0.42948880791664124, -0.9048791527748108]], [[-0.20216141641139984, -1.464670181274414, -1.2643249034881592, -1.3830689191818237]], [[0.48537760972976685, -1.150510311126709, 0.5562009811401367, -2.4620320796966553]], [[0.5347466468811035, 3.044107675552368, 0.7905411720275879, 2.1691181659698486]], [[-0.28553226590156555, 3.770312786102295, 0.21160410344600677, 4.1584014892578125]], [[0.8377478122711182, 0.11060356348752975, 0.7540131211280823, -0.5024105906486511]], [[0.9086756110191345, -0.3046606481075287, 0.18347837030887604, -0.1338270753622055]], [[-8.723097801208496, -1.375681757926941, -0.2950001657009125, 1.025328516960144]], [[6.742433547973633, 1.8044019937515259, -0.8648492097854614, -2.4342355728149414]]]}, "conv1d_1": {"bias:0": [-0.03125077113509178, 0.12938560545444489, 0.02800711989402771, -0.05495551973581314], "kernel:0": [[[-0.02792888879776001, 0.20307326316833496, 0.018983840942382812, -0.07401227951049805], [0.09632003307342529, 0.20094990730285645, 0.16620802879333496, 0.1265568733215332], [0.22633898258209229, 0.20551776885986328, 0.06756860017776489, 0.20715749263763428], [0.1449224352836609, 0.13391482830047607, 0.11226069927215576, -0.12950944900512695]], [[-0.7341493368148804, 0.05704841762781143, 0.25921791791915894, -0.17198587954044342], [0.8660534024238586, 0.04507434368133545, 2.523954391479492, -0.777225136756897], [2.485109329223633, -0.4854404926300049, 4.052885055541992, -1.4957011938095093], [-1.310414433479309, 0.23269836604595184, -3.875112771987915, 1.333426833152771]], [[-0.596583366394043, -1.3841055631637573, -0.6747877597808838, 0.9862684011459351], [-0.29449865221977234, 0.4679669737815857, 0.26694974303245544, -0.4659806489944458], [-0.5090901255607605, 0.1016106829047203, -1.6546021699905396, 0.7630849480628967], [-0.8977331519126892, -0.3876659572124481, 0.7444220185279846, -0.14812524616718292]], [[1.4677821397781372, -0.8568815588951111, -0.4564743638038635, -0.6360952258110046], [0.5573340058326721, 0.400927871465683, 2.318788766860962, 4.8598222732543945], [-1.0538785457611084, -0.7181186676025391, 0.5322803258895874, -0.780370831489563], [0.020726392045617104, -0.6858054995536804, -0.3084132671356201, 1.9790054559707642]], [[-0.891230046749115, 0.4521923363208771, 0.06298048794269562, -0.06843481957912445], [-0.049987535923719406, 0.4844491481781006, 1.142220377922058, -0.39184069633483887], [-0.2638610899448395, 0.6067028641700745, -1.5573320388793945, 1.1317857503890991], [0.644754946231842, -0.186868354678154, -0.6553225517272949, 0.08617357164621353]], [[-0.13786271214485168, -1.0607651472091675, 0.38309726119041443, -0.19569234549999237], [-0.7264339923858643, 0.7302860021591187, 0.8800301551818848, -0.3776390254497528], [-0.8111233711242676, 0.1399087905883789, -0.6105836629867554, 0.21704919636249542], [0.25452616810798645, -0.7673044800758362, -0.7842978835105896, 0.33030083775520325]], [[-0.6291823983192444, 0.03293687477707863, -0.12091493606567383, 0.030118444934487343], [-0.09645627439022064, 1.048045039176941, 0.5527481436729431, -0.019808245822787285], [1.422357201576233, 0.0009286249987781048, -0.5020370483398438, 0.5238047242164612], [0.7152179479598999, -1.0820749998092651, -0.17747539281845093, -0.2579248547554016]], [[-1.4025377035140991, -1.113095998764038, 0.917721152305603, -0.5267886519432068], [0.4698471426963806, 1.2550597190856934, 0.5958414077758789, -0.14134518802165985], [-0.857939600944519, 0.41722285747528076, -0.5523958802223206, 0.1556197702884674], [0.5850973725318909, -0.2386334240436554, -0.6718509793281555, 0.33951032161712646]], [[-0.6909143328666687, -0.39376014471054077, -0.12525804340839386, -0.17616704106330872], [0.1003929078578949, 0.6812703013420105, 0.2170286774635315, -0.022761192172765732], [0.0025312937796115875, -1.029691457748413, 0.6265228986740112, -0.5320923328399658], [1.9360533952713013, 0.3901046812534332, -0.6178252100944519, 0.33807286620140076]], [[0.050636108964681625, -0.31483638286590576, 0.4628326892852783, -0.3886672854423523], [-0.09898053109645844, 0.7000991702079773, 0.14932017028331757, 0.09918683022260666], [0.07301482558250427, 0.022132940590381622, -0.36524322628974915, 0.09591410309076309], [-0.5484733581542969, -1.0698156356811523, -0.04665197432041168, -0.14062254130840302]], [[3.6649606227874756, 4.812047481536865, -0.9990665912628174, 1.3629826307296753], [0.7744266986846924, 1.2519100904464722, -0.18180914223194122, 0.26875734329223633], [-0.8131928443908691, 0.8432272672653198, 0.23735515773296356, -0.1666361391544342], [-2.5165367126464844, -1.7298420667648315, 0.4200851619243622, -0.4109068214893341]], [[0.19064730405807495, -0.0854954719543457, -0.12040477991104126, -0.12927323579788208], [0.09878122806549072, 0.14721167087554932, 0.18332183361053467, 0.1995806097984314], [-0.05812430381774902, -0.014731824398040771, 0.058125972747802734, 0.02802497148513794], [-0.05231297016143799, 0.16853266954421997, -0.04061615467071533, 0.08538424968719482]]]}, "dense": {"bias:0": [-0.046215470880270004], "kernel:0": [[0.15540485084056854], [-1.0375761985778809], [2.0276122093200684], [-3.1753110885620117], [1.0017954111099243], [1.1184412240982056], [-0.3580135703086853], [-0.0906277447938919], [0.6038195490837097], [0.25203192234039307], [-0.15318050980567932], [0.5683375597000122], [-2.5853488445281982], [-0.28007209300994873], [-1.3079075813293457], [0.8846433162689209], [-3.1692559719085693], [-2.7454357147216797], [2.0970299243927], [-0.6086709499359131], [-1.093605399131775], [-0.039775263518095016], [0.4879383146762848], [-0.6113668084144592]]}, "lstm": {"lstm_cell": {},