{"conv1d": {"bias:0": [0.02202059142291546, 0.011422177776694298, -0.0056608677841722965, 0.0021778689697384834], "kernel:0": [[[2.245464324951172, 4.733090400695801, -2.5951902866363525, -6.537875175476074]], [[-2.1716256141662598, -8.163087844848633, 4.964837074279785, 4.772737503051758]], [[0.34260520339012146, 3.0473902225494385, -2.8003175258636475, -0.5572460293769836]], [[0.7396314144134521, -0.9047555327415466, 0.25175416469573975, -1.3125338554382324]], [[0.14910605549812317, -0.1284957230091095, 0.4947851598262787, 0.5961518287658691]], [[-0.13019587099552155, 1.3044853210449219, -1.0384833812713623, 2.6773874759674072]], [[0.20533953607082367, 0.8855047225952148, -0.4522607922554016, 3.186143636703491]], [[-0.11524506658315659, -0.5130792856216431, 0.2679164707660675, 1.0100733041763306]], [[0.7847480177879333, -0.20675988495349884, -0.6266859769821167, -0.49618348479270935]], [[0.46576371788978577, 0.3362204432487488, 0.6394234895706177, -1.2136352062225342]], [[-0.4001607596874237, 0.9571146965026855, 4.766009330749512, -2.216844081878662]], [[1.3786845207214355, -1.3590396642684937, -3.9671366214752197, 0.15999722480773926]]]}, "conv1d_1": {"bias:0": [0.0471847839653492, 0.031878598034381866, -0.023373546078801155, -0.03745109587907791], "kernel:0": [[[0.033503592014312744, 0.24835044145584106, -0.0798216462135315, 0.01781362295150757], [-0.22584152221679688, -0.2289692759513855, -0.24858403205871582, -0.04862147569656372], [-0.16323578357696533, -0.12905514240264893, -0.1184116005897522, 0.09883373975753784], [-0.004943728446960449, 0.15076756477355957, 0.04020875692367554, 0.07803434133529663]], [[-3.2470154762268066, 1.4831463098526, 1.322619080543518, -2.9551403522491455], [-5.390933036804199, -3.7982614040374756, 2.7681591510772705, -5.4407477378845215], [3.0864641666412354, 2.5490245819091797, -1.2030363082885742, 1.9015527963638306], [1.5475682020187378, 1.967740774154663, -0.6707515120506287, 1.8832969665527344]], [[0.5019771456718445, -1.6318119764328003, 4.656825542449951, 4.459807395935059], [0.8684477806091309, 1.368613839149475, -0.8492087125778198, 3.341442108154297], [-1.6350951194763184, -3.3530845642089844, 1.976089596748352, -0.3846428096294403], [-0.9593177437782288, 0.043358948081731796, 1.1766562461853027, -0.10249541699886322]], [[-1.460746169090271, -2.130638360977173, -6.5271382331848145, -0.8968967795372009], [1.9324873685836792, 2.697094678878784, -2.114051342010498, 0.5855907797813416], [0.19675400853157043, 0.6584547162055969, -1.7352591753005981, 0.2712286710739136], [-0.8786070942878723, -0.9751272797584534, -3.627044200897217, -0.8900429606437683]], [[-0.7369846701622009, 2.1759443283081055, -0.48959848284721375, 1.5998399257659912], [-0.13894958794116974, -2.0417587757110596, 0.2991625964641571, -0.5008233785629272], [-1.024332880973816, -0.8920616507530212, 0.2796074151992798, -0.4914855659008026], [-0.10174274444580078, 0.31048259139060974, -0.04688404127955437, 0.23815688490867615]], [[-1.3523728847503662, -0.02339983358979225, -0.07100343704223633, 0.47729408740997314], [1.3499013185501099, 2.221358060836792, -0.3645181357860565, 1.2399078607559204], [-0.1425609588623047, 1.9495819807052612, -0.13917958736419678, 1.1759450435638428], [-0.2733767628669739, 0.5346162915229797, -0.06348669528961182, 0.4457894563674927]], [[-0.9693097472190857, -0.21957744657993317, -0.30941593647003174, 0.20215700566768646], [-0.7716041207313538, -0.05443219467997551, 0.2971261441707611, -0.12673792243003845], [-0.7366914749145508, -1.187292218208313, 0.40949544310569763, -0.7471286058425903], [-0.12340176105499268, -0.8325433731079102, 0.13780847191810608, -0.36617231369018555]], [[-0.6108072400093079, -1.9518488645553589, 0.18649490177631378, -0.5631205439567566], [0.594636857509613, 0.6398857235908508, -0.06173652783036232, 0.4072684049606323], [0.159196674823761, 1.4332903623580933, -0.1782773733139038, 0.25933486223220825], [-0.21313373744487762, 0.5577074885368347, -0.0873313620686531, 0.19876116514205933]], [[-0.8454727530479431, 3.228071689605713, -0.6940484642982483, 2.2703769207000732], [0.4351290464401245, -0.48892804980278015, -0.05938297137618065, 0.46769341826438904], [0.48409387469291687, -0.3221946358680725, 0.12305807322263718, -0.05852910876274109], [-0.055228762328624725, -0.005619351752102375, 0.043724291026592255, -0.1312074214220047]], [[0.01625859923660755, -3.1859312057495117, 0.4654889404773712, -1.6053292751312256], [0.42723527550697327, 0.12615346908569336, 0.010853617452085018, -0.11450338363647461], [-0.8144646883010864, 1.3592802286148071, -0.34363457560539246, 0.16177108883857727], [-0.21322503685951233, 0.5767348408699036, -0.1250709891319275, 0.3422797918319702]], [[-0.7697909474372864, 0.7293404936790466, -0.27569979429244995, 0.7997496724128723], [0.5350477695465088, -0.4957255721092224, 0.07272128760814667, 0.020008509978652], [0.46718114614486694, -2.2173306941986084, 0.8234539031982422, -2.193300485610962], [-0.009922536090016365, -0.556221067905426, 0.06317677348852158, -0.36596763134002686]], [[-0.07159918546676636, 0.16832232475280762, 0.1050490140914917, 0.0024172067642211914], [-0.12323248386383057, 0.09733027219772339, -0.2089020013809204, -0.018012285232543945], [0.005443572998046875, -0.17172002792358398, -0.17965811491012573, -0.09877598285675049], [0.021655917167663574, 0.1471073031425476, 0.03398442268371582, 0.03679096698760986]]]}, "dense": {"bias:0": [0.03866153582930565], "kernel:0": [[-2.8007657527923584], [1.9981964826583862], [0.43542855978012085], [0.3154516816139221], [1.1922199726104736], [-1.9646512269973755], [-1.7217823266983032], [-0.2622167766094208], [-0.42253684997558594], [1.8824111223220825], [0.488254576921463], [0.04830917343497276], [-1.8617600202560425], [-2.416506767272949], [0.3609841763973236], [-1.7006431818008423], [-2.278353452682495], [-0.04381931573152542], [-0.1834433227777481], [-1.7151830196380615], [-1.5204435586929321], [0.2845577001571655], [0.05819309875369072], [-0.050028108060359955]]}, "lstm": {"lstm_cell": {},