{"conv1d": {"bias:0": [0.0016280870186164975, -0.011703627184033394, -0.008794681169092655, -0.008035212755203247], "kernel:0": [[[4.719947814941406, 4.869202136993408, -6.357635021209717, 4.207365989685059]], [[-4.078283786773682, -10.640684127807617, 5.3678669929504395, -2.7394280433654785]], [[2.241781234741211, 4.510193824768066, 0.5562077164649963, -3.4871268272399902]], [[-2.1327924728393555, 1.3611451387405396, 1.478559970855713, -1.3307301998138428]], [[-0.9309406876564026, 1.0141470432281494, 0.5074037313461304, -1.7871999740600586]], [[-0.3180943429470062, 0.5938076972961426, -0.07259369641542435, -0.6714279055595398]], [[-0.37117934226989746, -0.6578525304794312, -0.8444247245788574, 0.49966901540756226]], [[-0.24506635963916779, -1.3147099018096924, -1.1606706380844116, 1.580261468887329]], [[0.9108831286430359, -1.2863112688064575, -1.8432655334472656, 1.4089319705963135]], [[1.3649739027023315, -0.10142652690410614, -1.5638744831085205, 1.1858552694320679]], [[-4.166090488433838, 1.2216116189956665, 0.4421454668045044, 0.06017419323325157]], [[3.4402947425842285, 0.5925066471099854, 0.9367378354072571, -1.4184777736663818]]]}, "conv1d_1": {"bias:0": [0.04294611141085625, -0.1452752947807312, -0.09465392678976059, 0.17117521166801453], "kernel:0": [[[0.2084330916404724, 0.095447838306427, -0.2052474021911621, 0.2356870174407959], [0.24588316679000854, -0.050223469734191895, -0.20018911361694336, 0.16062825918197632], [-0.0634344220161438, 0.03305751085281372, -0.13364273309707642, -0.07266557216644287], [-0.2019677758216858, 0.00874239206314087, 0.07602447271347046, 0.14239990711212158]], [[-2.301103353500366, -1.3784875869750977, 0.06745082139968872, -0.8626800179481506], [-7.667118072509766, -4.429811000823975, 4.857920169830322, -4.005279541015625], [6.2266845703125, 4.951557159423828, -5.054826259613037, 4.082335472106934], [1.549462080001831, 1.8602826595306396, -1.8341736793518066, 1.460069179534912]], [[2.722034454345703, 0.9243529438972473, 2.2543606758117676, 2.1453700065612793], [2.610323905944824, 2.643186569213867, -1.4841269254684448, 2.565910816192627], [-6.9677252769470215, -0.8385021090507507, 4.447482109069824, 4.052087783813477], [-5.496482849121094, 0.4282301664352417, 0.45935747027397156, 3.5709683895111084]], [[-2.261981725692749, 1.5822868347167969, -4.58478307723999, -1.9303888082504272], [2.252575635910034, 0.6034122109413147, 0.6084883213043213, -0.4334924519062042], [1.9773647785186768, 0.7333269119262695, 3.0580685138702393, -7.6123366355896], [3.498307228088379, 0.41458064317703247, 4.077991008758545, -8.39607048034668]], [[0.9009254574775696, -0.8153045177459717, 2.0761783123016357, 0.2911180853843689], [-0.18808701634407043, -0.32321834564208984, -1.4106812477111816, 0.14961865544319153], [-1.2208218574523926, 1.4487295150756836, -1.2558410167694092, -0.405001163482666], [-0.8423370718955994, 1.1007081270217896, -1.6085995435714722, -0.19215388596057892]], [[-1.0751073360443115, 0.472699373960495, -0.8278301358222961, -0.44711586833000183], [0.4120813012123108, 0.4722805917263031, -0.1610749512910843, 0.3362952172756195], [-1.0564701557159424, 0.2604251503944397, -0.4577443599700928, -0.44670572876930237], [-0.4534405767917633, -0.12225271761417389, -0.12222679704427719, -0.09859426319599152]], [[0.8031268119812012, 0.15037837624549866, 0.1664927899837494, 0.41811850666999817], [1.1304324865341187, 0.3916648030281067, 0.2504485845565796, 0.6981897950172424], [0.04639589414000511, 0.5311588644981384, 0.40351980924606323, -0.03950396925210953], [0.1157110407948494, 0.18333834409713745, 0.029048701748251915, 0.016342684626579285]], [[0.9623661637306213, -0.6435892581939697, 0.8683439493179321, 0.4523507356643677], [-0.6357606053352356, -0.20818115770816803, -1.7126637697219849, -0.19713175296783447], [1.4058191776275635, 0.3500208258628845, 0.8884189128875732, 0.47031137347221375], [0.8100007772445679, 0.6226191520690918, 0.4557049572467804, 0.31316056847572327]], [[0.5780075192451477, -0.4778608977794647, 0.26587042212486267, 0.11271405220031738], [2.175640344619751, 0.21006818115711212, 0.32624462246894836, 0.7924996018409729], [-0.0675545409321785, 0.27548786997795105, -0.18581074476242065, -0.037429582327604294], [0.16811765730381012, 0.07825703173875809, 0.12670327723026276, -0.019193299114704132]], [[-0.12567558884620667, 0.2829187512397766, -0.5803202390670776, 0.068160779774189], [1.1596707105636597, 0.3887026309967041, -0.3341401219367981, 0.6303304433822632], [-0.625216543674469, -0.4236891567707062, -0.041895490139722824, -0.20408999919891357], [-0.013536541722714901, -0.18418101966381073, 0.01872098259627819, 0.01686355471611023]], [[-0.22658251225948334, -0.10444168001413345, 0.3767043650150299, -0.21055154502391815], [-1.087468147277832, 0.15909183025360107, -1.0195963382720947, -0.43002018332481384], [0.4463635981082916, 0.7504182457923889, 0.18145886063575745, 0.16418378055095673], [0.02381998859345913, 0.2941005229949951, -0.30463165044784546, 0.03865514323115349]], [[-0.11955142021179199, 0.09178638458251953, 0.0758199691772461, -0.19294977188110352], [-0.11155015230178833, 0.026772618293762207, -0.0930941104888916, -0.040012240409851074], [0.01115882396697998, -0.06559175252914429, 0.1292058229446411, -0.11729145050048828], [0.18375056982040405, -0.1310170292854309, -0.2076093554496765, -0.022434711456298828]]]}, "dense": {"bias:0": [0.16617467999458313], "kernel:0": [[-0.047261957079172134], [0.08492999523878098], [-0.15350668132305145], [-0.02790849469602108], [0.05115053802728653], [0.1401686668395996], [0.7919881343841553], [0.25645989179611206], [1.0477545261383057], [-2.0149683952331543], [-0.13471382856369019], [-0.3518749177455902], [-1.0395004749298096], [-0.1195908710360527], [0.11742881685495377], [0.4942008852958679], [-0.5084868669509888], [-0.18788667023181915], [1.8146729469299316], [-0.05088232830166817], [0.023040756583213806], [-0.3290283977985382], [0.02907177060842514], [-0.6393334865570068]]}, "lstm": {"lstm_cell": {},