{"conv1d": {"bias:0": [-0.004612084943801165, -0.0012201078934594989, -0.0007941380608826876, 0.01683143526315689], "kernel:0": [[[4.132325649261475, 1.0650242567062378, -8.638249397277832, 1.7897316217422485]], [[-5.894221305847168, -1.0959482192993164, 12.360654830932617, -0.9383581876754761]], [[2.7570927143096924, 1.0198506116867065, -2.5888259410858154, 1.3488044738769531]], [[0.41514524817466736, 1.2513445615768433, -0.5491475462913513, 0.5325620770454407]], [[0.002526052761822939, 0.7613145709037781, 0.9810085892677307, 0.15357376635074615]], [[0.7925729155540466, -0.1273815631866455, -0.8590008020401001, 0.7316330671310425]], [[-0.16919700801372528, -0.632564902305603, -0.3672678470611572, 0.6568210124969482]], [[-0.486423134803772, -0.6234420537948608, 0.7776535749435425, 0.2150336652994156]], [[0.1559574455022812, -2.3884241580963135, -0.35408148169517517, 0.6432202458381653]], [[-0.8469765186309814, -3.3780179023742676, -1.258605718612671, 1.7542414665222168]], [[-0.053397972136735916, -2.7869484424591064, 0.13073252141475677, 0.11783283948898315]], [[-1.0482091903686523, 7.605747699737549, -0.0009768602903932333, -1.5498127937316895]]]}, "conv1d_1": {"bias:0": [-0.14584948122501373, -0.014937808737158775, -0.1436929553747177, 0.027553904801607132], "kernel:0": [[[-0.21321487426757812, -0.10579663515090942, 0.1676701307296753, 0.22332888841629028], [-0.15674251317977905, 0.11447721719741821, 0.09155726432800293, -0.024613797664642334], [-0.05587327480316162, -0.17072254419326782, 0.2064475417137146, -0.1501924991607666], [-0.19908934831619263, -0.2095661759376526, 0.06064474582672119, 0.059842050075531006]], [[-9.47029972076416, 7.600604057312012, -1.3416675329208374, -2.7657291889190674], [0.9437441825866699, 0.18560966849327087, 1.1100542545318604, -2.6589319705963135], [2.66646146774292, -5.245465278625488, -6.880868434906006, 15.03240966796875], [4.758261203765869, -3.2846531867980957, 6.4273762702941895, -7.264367580413818]], [[9.6786527633667, -6.86807107925415, 3.5100011825561523, -0.003372044302523136], [0.38210922479629517, -0.045500852167606354, -0.5232346653938293, 0.8885611891746521], [3.7397756576538086, -2.2673659324645996, 3.384208917617798, -5.114589691162109], [4.188560485839844, 3.800271987915039, 2.98134446144104, 6.174022197723389]], [[-1.0254720449447632, 0.059355974197387695, -1.9356231689453125, 0.8036680221557617], [-2.669738292694092, -0.5172156095504761, -1.7362247705459595, 0.4546884298324585], [-3.666543483734131, 1.0578007698059082, -0.27547362446784973, -2.1257805824279785], [-7.471395969390869, -3.258975028991699, -3.3991498947143555, 1.0095646381378174]], [[0.017536979168653488, 0.11031629890203476, -0.4223290979862213, 0.7945536375045776], [0.21945565938949585, -0.822375476360321, 0.13240483403205872, 0.19080664217472076], [0.15814600884914398, 2.004274606704712, -0.049741022288799286, -0.7075570821762085], [0.22632412612438202, -0.5459299683570862, 1.3995239734649658, -0.2784104347229004]], [[0.17126689851284027, -2.333789587020874, -0.6984612941741943, 0.6094838380813599], [-0.08891917020082474, 0.12239446491003036, 0.2578375041484833, 0.9506765007972717], [-1.066734790802002, -0.6038737297058105, 0.8684777021408081, -0.5176372528076172], [-0.20184196531772614, -0.21977367997169495, 1.078500747680664, 0.5888263583183289]], [[-0.0031254685018211603, 0.2751803696155548, -0.02244001254439354, -0.00048273676657117903], [0.15155765414237976, 0.316597044467926, 0.1630879044532776, -0.1668456345796585], [-0.6229255795478821, -0.3324917256832123, 0.0011515896767377853, 0.2523656487464905], [-0.2039918154478073, -1.172784447669983, 1.0609548091888428, -0.012867333367466927]], [[0.004857955500483513, -0.25814732909202576, 0.04783005267381668, 0.7174884080886841], [0.10144534707069397, -0.0797717496752739, -0.022411484271287918, 0.2580642104148865], [-0.5602186322212219, 0.701860785484314, 1.3756150007247925, -1.034907579421997], [-0.2967069447040558, -0.04071826487779617, 0.9081683158874512, 0.33347287774086]], [[0.13761821389198303, 0.9375439286231995, -0.6190210580825806, -0.4035671353340149], [-0.011509871110320091, 0.09754630923271179, 0.29272517561912537, 0.8079214096069336], [-0.6167468428611755, 0.19331836700439453, -0.290585994720459, -0.501429557800293], [-0.3189418315887451, -0.12518298625946045, 1.5292840003967285, 0.2823390066623688]], [[0.03228071331977844, 0.16020512580871582, 1.803794264793396, 0.03213273733854294], [0.28587836027145386, -0.8645500540733337, -1.4259696006774902, 0.842726469039917], [0.09774793684482574, 2.2865278720855713, 1.5132670402526855, -1.1562262773513794], [-0.28126275539398193, 0.5602055788040161, -0.31970497965812683, 0.17414268851280212]], [[0.4206964373588562, 0.30347940325737, -0.31983351707458496, 0.26514101028442383], [-0.2140384167432785, -0.06588181108236313, 2.386540651321411, -0.0938754454255104], [-0.7205111980438232, 1.3107950687408447, 0.216257706284523, -0.97369784116745], [-0.12441664934158325, -0.34232097864151, 1.5287412405014038, 0.07325691729784012]], [[0.1629955768585205, 0.1591792106628418, -0.22283923625946045, 0.12871456146240234], [0.004698336124420166, 0.12183469533920288, 0.13383811712265015, -0.21596527099609375], [0.14106029272079468, 0.052520811557769775, -0.01434856653213501, -0.09559309482574463], [-0.23800528049468994, -0.10113173723220825, 0.04101008176803589, 0.1452862024307251]]]}, "dense": {"bias:0": [0.22024007141590118], "kernel:0": [[0.04155755415558815], [-0.7779063582420349], [0.13929574191570282], [0.06786314398050308], [0.10543406009674072], [-0.11306026577949524], [0.2649761736392975], [-0.049496427178382874], [0.04152919724583626], [0.0933552086353302], [0.10349154472351074], [-0.33336544036865234], [-0.20042121410369873], [0.17501918971538544], [-0.19708551466464996], [-0.03381791338324547], [-0.3113040030002594], [-0.05993861332535744], [-0.5689639449119568], [0.14075955748558044], [0.8469197750091553], [0.1772317737340927], [0.036871541291475296], [-0.20832224190235138]]}, "lstm": {"lstm_cell": {},