{"conv1d": {"bias:0": [-0.00254500238224864, 0.00036826333962380886, 0.011583453044295311, 2.8410067898221314e-05], "kernel:0": [[[-2.5808703899383545, -14.613326072692871, 1.6658183336257935, 4.704745769500732]], [[7.825641632080078, 16.350173950195312, 0.48879387974739075, 1.2108783721923828]], [[-8.547698020935059, 2.51676607131958, 4.309020519256592, -5.265171051025391]], [[0.297686368227005, -0.6207314133644104, 1.4383577108383179, -1.0561829805374146]], [[0.21460309624671936, -0.14191167056560516, 1.0347071886062622, -0.05436016991734505]], [[-0.7262640595436096, -0.9836694002151489, 0.43840205669403076, -0.49723848700523376]], [[2.258378028869629, -1.1741005182266235, 0.2865596115589142, 0.4103683531284332]], [[3.0954670906066895, -0.5677797794342041, -0.8974218368530273, 1.0966731309890747]], [[0.8095527291297913, -0.955334484577179, -1.2215991020202637, -0.6739254593849182]], [[0.8220539689064026, -1.3033463954925537, -0.9284000396728516, -1.2364336252212524]], [[1.978278636932373, -0.4249671399593353, 2.153022527694702, 1.8466922044754028]], [[-6.102241516113281, 1.3306758403778076, -1.0059477090835571, -0.25366470217704773]]]}, "conv1d_1": {"bias:0": [-0.17377963662147522, 0.15379932522773743, 0.033602502197027206, 0.2665415406227112], "kernel:0": [[[-0.232774555683136, 0.23008644580841064, 0.10093969106674194, 0.16646051406860352], [0.08413910865783691, 0.16888803243637085, 0.0021025538444519043, 0.1680963635444641], [-0.1231386661529541, -0.07565885782241821, -0.19850480556488037, 0.00900256633758545], [0.21293485164642334, -0.0032371878623962402, -0.10183900594711304, 0.2267758846282959]], [[-2.319387435913086, -5.335719585418701, 1.99371337890625, -1.0597586631774902], [-9.741379737854004, -21.23779296875, 5.854297637939453, -1.0553653240203857], [4.666805267333984, 8.14881706237793, -1.6596693992614746, 0.9686692953109741], [-6.641199111938477, 0.40839651226997375, -0.5260124206542969, -5.3464202880859375]], [[3.2894647121429443, 1.1497461795806885, 0.5573804378509521, -2.045802116394043], [1.5471997261047363, 4.866057872772217, -4.059471607208252, 4.485893726348877], [4.449576377868652, -3.2453277111053467, 3.7197091579437256, -2.076949119567871], [2.277081251144409, 0.03795842081308365, -0.6490768194198608, 8.246593475341797]], [[-2.3366153240203857, 0.8483328819274902, -0.2895682156085968, 3.2511606216430664], [2.8918063640594482, 2.209188461303711, -2.275390386581421, 2.615046739578247], [-11.678146362304688, -3.3026063442230225, 3.5831706523895264, -2.466027021408081], [3.4778122901916504, -2.361764669418335, -0.5439044833183289, -8.178293228149414]], [[0.6112790107727051, 0.8660873174667358, -1.0556049346923828, -0.5413252115249634], [0.9705405831336975, 0.45101094245910645, -1.413182020187378, -0.2718636393547058], [-1.7671808004379272, 0.6070190072059631, 1.0460703372955322, 1.4439060688018799], [-1.85347580909729, 2.5967559814453125, 0.14613766968250275, 0.9999306797981262]], [[0.1998319774866104, 0.37059149146080017, 0.48549073934555054, 0.8267067670822144], [-0.04475349187850952, 0.4448760151863098, -0.7304921746253967, -0.2040325105190277], [0.6719960570335388, -0.490601122379303, 0.3778855502605438, 0.7128549218177795], [1.396186351776123, -0.10833842307329178, 0.17866866290569305, 1.7652117013931274]], [[-0.3389643430709839, 0.764651894569397, -0.18104982376098633, -0.8589853644371033], [-0.04174007475376129, 0.5896592736244202, -0.6442233920097351, -0.9764447212219238], [-0.09931471198797226, 0.3026107847690582, 0.6008387207984924, -0.19366760551929474], [0.0020506156142801046, -0.4396653473377228, 0.5959510207176208, 0.25848889350891113]], [[-0.3089097738265991, 1.7915291786193848, -1.141788125038147, -1.339135766029358], [0.39325258135795593, 0.7520090341567993, -0.33455055952072144, 0.2928199768066406], [-0.6544333696365356, 1.1733887195587158, -0.3129909932613373, -1.5649441480636597], [0.15790791809558868, 0.2277020812034607, -0.18740816414356232, 0.26578742265701294]], [[-0.014659687876701355, 0.2509385049343109, -0.17203280329704285, -0.4473583400249481], [-0.09546806663274765, 0.7871142625808716, -0.8808470368385315, 0.23558109998703003], [-0.4824259877204895, 1.2110472917556763, -0.16474398970603943, -1.2502695322036743], [0.22799500823020935, 0.8203366994857788, 0.8949248790740967, -0.16975536942481995]], [[0.2659045159816742, 0.9667586088180542, -0.4860988259315491, -0.24379533529281616], [0.21905957162380219, 0.41580453515052795, -0.3787086009979248, 0.14624735713005066], [-0.12699566781520844, -0.051701344549655914, 0.09472400695085526, -0.06202436983585358], [0.20777170360088348, 0.24578329920768738, 0.053063105791807175, -0.03723097965121269]], [[0.9767745137214661, -1.6718134880065918, 0.2258860021829605, 2.381805658340454], [0.6111559271812439, -0.8878906965255737, 0.368045449256897, 2.1672661304473877], [0.002360099693760276, 0.42917338013648987, 0.07128406316041946, -0.15466523170471191], [0.7699381113052368, -1.4282667636871338, 0.13735881447792053, 2.1625804901123047]], [[-0.24074125289916992, 0.2229788899421692, 0.16094940900802612, 0.2071535587310791], [0.13415789604187012, 0.19871824979782104, -0.19930660724639893, 0.12014496326446533], [0.22750318050384521, 0.22429734468460083, -0.08507227897644043, 0.1730968952178955], [0.1341298222541809, 0.08204245567321777, -0.002568840980529785, -0.2395588755607605]]]}, "dense": {"bias:0": [-0.038650032132864], "kernel:0": [[0.6860971450805664], [-0.0874071717262268], [0.07650421559810638], [0.03410535305738449], [0.4524567723274231], [0.1920117437839508], [-0.036162808537483215], [0.03643782436847687], [0.25431692600250244], [-0.21481822431087494], [0.08777559548616409], [0.05320721119642258], [-0.34926551580429077], [0.13569942116737366], [-0.04030635207891464], [0.1847618818283081], [0.11460185796022415], [0.07966859638690948], [0.19755369424819946], [0.17991577088832855], [0.41310790181159973], [0.04085265472531319], [-0.09864155948162079], [-0.029174799099564552]]}, "lstm": {"lstm_cell": {},