{"conv1d": {"bias:0": [0.0024387750308960676, -0.0018271333537995815, -0.00802290253341198, -0.003457947401329875], "kernel:0": [[[10.625595092773438, -1.001023530960083, 8.461309432983398, 9.111669540405273]], [[-12.258498191833496, -5.764716625213623, -8.914721488952637, -8.823819160461426]], [[-2.50701642036438, 2.0916996002197266, 2.7672975063323975, -3.4989676475524902]], [[1.3482822179794312, 0.17411182820796967, 2.4411842823028564, 0.3258998394012451]], [[0.9075467586517334, -0.72560715675354, 0.35123297572135925, -0.3852127492427826]], [[1.1864100694656372, 1.1031572818756104, 0.38512253761291504, -1.789047360420227]], [[1.0964006185531616, 1.5563784837722778, -0.3155452013015747, -1.7259985208511353]], [[-0.16036032140254974, 1.0805655717849731, -1.7853645086288452, -1.7847435474395752]], [[0.06818254292011261, 2.5574209690093994, -1.4822824001312256, -1.9869444370269775]], [[0.8668981790542603, 2.4976601600646973, -1.1652168035507202, -2.465702772140503]], [[0.5002226233482361, -0.23729190230369568, -0.5080893039703369, -0.6963274478912354]], [[-1.1081455945968628, -8.927898406982422, 0.3230038285255432, 6.5189642906188965]]]}, "conv1d_1": {"bias:0": [-0.15090440213680267, -0.01357413548976183, -0.04655517637729645, -0.00631391117349267], "kernel:0": [[[-0.12471812963485718, 0.1407768726348877, 0.028605401515960693, 0.21207267045974731], [-0.08116501569747925, -0.045337557792663574, -0.23991990089416504, -0.16453784704208374], [0.047367095947265625, 0.0766984224319458, -0.1297857165336609, 0.21996229887008667], [0.18262982368469238, 0.19291287660598755, -0.2439289689064026, 0.03204065561294556]], [[-11.723413467407227, -1.5048643350601196, 12.908430099487305, 26.921171188354492], [-0.15502040088176727, 9.692853927612305, -4.83437442779541, 2.2679662704467773], [-8.6333589553833, 7.452786445617676, -1.210727572441101, 12.615318298339844], [-1.0444238185882568, 8.401381492614746, -2.1288397312164307, 3.483816623687744]], [[5.194185256958008, 8.226423263549805, 2.808651924133301, -5.061774253845215], [-3.085641384124756, -5.8115129470825195, -3.114320993423462, 0.2943663001060486], [8.696386337280273, -10.061068534851074, -2.0587847232818604, -10.357555389404297], [-7.329934120178223, -4.439699649810791, -8.462728500366211, 5.265514850616455]], [[-1.599898099899292, 0.2221086323261261, -3.1680140495300293, -4.168474197387695], [6.590065002441406, -0.8556934595108032, 5.588487148284912, -1.9180099964141846], [-4.115102767944336, 2.4254610538482666, -2.6669998168945312, 2.8656563758850098], [8.078877449035645, 0.15211333334445953, 7.33442497253418, -2.3152143955230713]], [[0.5166548490524292, -1.1295851469039917, -0.83951336145401, -3.024850368499756], [-0.1902284473180771, 0.7161012291908264, -1.0264586210250854, 1.0638823509216309], [1.6481881141662598, -0.18750202655792236, 1.2385252714157104, -0.11641906946897507], [0.18756696581840515, 0.8292095065116882, -1.3515275716781616, 0.3897764980792999]], [[1.1975148916244507, -0.19581979513168335, -2.016418933868408, -3.7943992614746094], [0.4408392310142517, 0.028724271804094315, -0.38392549753189087, 0.40156978368759155], [1.0012460947036743, 0.6672912240028381, 1.0618305206298828, -0.27957814931869507], [0.7577108144760132, 0.37089836597442627, -0.9982022047042847, 0.5978044867515564]], [[0.81154465675354, -1.2913477420806885, -1.2637939453125, -1.441951870918274], [0.6714458465576172, 0.4539656937122345, -0.6298804879188538, 0.48267143964767456], [0.21523912250995636, -0.3130667507648468, 0.18414711952209473, -1.224831223487854], [0.8093482851982117, 0.6066312789916992, -1.0514042377471924, 0.7518143653869629]], [[1.7296228408813477, -0.6484687924385071, 0.01143782027065754, -1.3463455438613892], [-0.31384652853012085, 0.07973784953355789, -0.1817578226327896, 0.4772147536277771], [0.37748005986213684, 0.4607608914375305, 0.5730303525924683, -0.9958727359771729], [0.7550199031829834, 0.48194053769111633, -1.2510740756988525, 0.5680890083312988]], [[0.3247069716453552, -1.5109671354293823, -0.6477051973342896, -2.5360829830169678], [0.5049084424972534, 0.5159741044044495, -0.8942573666572571, 0.690659761428833], [0.5005210638046265, 0.6958038210868835, 0.965653657913208, 0.5740755200386047], [0.7068625092506409, 0.06187879294157028, -0.8129702210426331, 0.5066081881523132]], [[0.4315873682498932, -0.26662003993988037, -1.1838772296905518, -0.7141903042793274], [-0.2929215133190155, 0.06329386681318283, 1.4840136766433716, -0.09549974650144577], [-0.12654410302639008, -0.5778660178184509, 0.9220065474510193, -1.9362143278121948], [0.3998320698738098, -0.27997514605522156, -0.5354704856872559, -0.35464558005332947]], [[1.9451608657836914, -1.1732805967330933, -3.188756227493286, -4.561151027679443], [0.5896291732788086, 0.6785603165626526, -1.254423975944519, 1.471335768699646], [0.5906602740287781, -0.6797093749046326, 0.6746106147766113, -1.0868749618530273], [0.3706769645214081, 0.10095930844545364, -1.1717230081558228, -0.06348171085119247]], [[-0.21634632349014282, -0.016432344913482666, 0.039286136627197266, 0.2358173131942749], [0.1936766505241394, -0.11260819435119629, -0.020771801471710205, 0.16840267181396484], [-0.2096930742263794, -0.1711464524269104, -0.19261842966079712, 0.03551262617111206], [-0.029309749603271484, 0.21321386098861694, 0.09350919723510742, 0.17811310291290283]]]}, "dense": {"bias:0": [0.007317015435546637], "kernel:0": [[-0.23796813189983368], [0.08803746104240417], [-0.12003850191831589], [-0.4158620238304138], [0.6365505456924438], [0.07504943013191223], [0.19900928437709808], [-0.09434222429990768], [-0.05011288449168205], [0.15568135678768158], [-0.06453362852334976], [-0.19079382717609406], [0.28541094064712524], [0.26617178320884705], [0.08858447521924973], [0.07553119212388992], [-0.11503908038139343], [-0.07261358201503754], [-0.05767875537276268], [-0.2125309258699417], [-0.09880870580673218], [0.062409307807683945], [0.19123032689094543], [0.061128661036491394]]}, "lstm": {"lstm_cell": {},