{"conv1d": {"bias:0": [0.0005430768942460418, 0.001958664273843169, 0.002767302328720689, 0.00014384626410901546], "kernel:0": [[[-6.178550720214844, 6.430156230926514, -6.251009941101074, 11.729182243347168]], [[7.442288875579834, -7.643235683441162, 1.4014195203781128, -14.674473762512207]], [[2.623173236846924, 5.375256538391113, 5.868258953094482, -0.3716510832309723]], [[-0.40325161814689636, 0.8174649477005005, 0.6620098948478699, 0.7946423292160034]], [[-0.3386620581150055, 0.5596926808357239, -0.2200157642364502, -0.40051981806755066]], [[-0.8502420783042908, 0.800907552242279, 0.27069324254989624, 0.8286558985710144]], [[-1.78267502784729, -0.09743993729352951, -1.422390341758728, 0.6271719336509705]], [[-1.6096621751785278, -1.186710000038147, -2.000311851501465, -0.5231869220733643]], [[-0.3596896529197693, -0.18915018439292908, 0.12857156991958618, 0.6112356781959534]], [[-1.667752742767334, -0.13255836069583893, 1.100541591644287, 0.9177858233451843]], [[-2.5371668338775635, -0.4380628764629364, -1.5426628589630127, 0.4461033344268799]], [[5.80101203918457, 1.8827600479125977, 1.6409993171691895, -0.16026903688907623]]]}, "conv1d_1": {"bias:0": [-0.07711756229400635, 0.1315854787826538, -0.11826200783252716, -0.027765577659010887], "kernel:0": [[[0.008112907409667969, 0.17175179719924927, 0.008988618850708008, -0.2321070432662964], [-0.12050497531890869, -0.05789518356323242, -0.18189895153045654, -0.07953417301177979], [-0.19626301527023315, 0.017694830894470215, 0.23103851079940796, 0.18747025728225708], [-0.05700570344924927, 0.05513101816177368, -0.13016259670257568, 0.05015730857849121]], [[-0.4300107955932617, 3.488496780395508, 0.012598786503076553, 2.8946285247802734], [-6.324275970458984, -7.9051923751831055, -2.159088134765625, -7.575156211853027], [2.1505634784698486, -1.0748984813690186, -2.730832099914551, -1.6620410680770874], [-8.843501091003418, -6.769742965698242, -6.575920581817627, -8.454328536987305]], [[-0.07292729616165161, 1.8308855295181274, 1.0884144306182861, -5.201298236846924], [2.004096508026123, -3.4381041526794434, 4.136122226715088, 6.270576000213623], [-1.8685404062271118, 2.7701945304870605, -1.9585801362991333, 3.5467350482940674], [0.021937141194939613, 5.945219039916992, 0.7652257084846497, 3.081023931503296]], [[1.4824788570404053, -4.897076606750488, -1.9457764625549316, 2.2184314727783203], [-0.4578721225261688, 11.876778602600098, 1.4641674757003784, 4.308615207672119], [-0.8072802424430847, -1.1335886716842651, 5.679922103881836, -4.616128444671631], [0.9335859417915344, -6.351902961730957, 0.19381724298000336, 1.9955623149871826]], [[-0.6410077214241028, 0.6062440872192383, 0.4780164062976837, 0.2623230218887329], [0.16356606781482697, 0.8763364553451538, 2.5230259895324707, -1.8104147911071777], [1.506477952003479, -0.6007481217384338, -0.48815611004829407, 1.6981927156448364], [0.7927636504173279, 0.6702042818069458, 1.3983181715011597, 0.4058254063129425]], [[-0.5494313836097717, -0.28151175379753113, -0.7113369107246399, 0.3460305333137512], [0.39422231912612915, -0.5403921604156494, 0.28845521807670593, -0.07726315408945084], [-0.8844134211540222, 0.7477930188179016, -1.1864911317825317, 0.018058056011795998], [-0.5470519661903381, 0.3089253902435303, -0.8552801609039307, 0.2769918739795685]], [[0.1273575723171234, 0.00026310374960303307, 0.25133684277534485, -0.4221479892730713], [-0.37840983271598816, 0.03411000221967697, 0.44301068782806396, 0.06816480308771133], [-0.0006234827451407909, -0.20817770063877106, 0.2968732416629791, -0.07656450569629669], [-0.006571740843355656, 0.011751323938369751, 0.028161494061350822, -0.4972594082355499]], [[-0.2408287227153778, 0.06384992599487305, -0.17299270629882812, 0.4364941418170929], [-0.24024558067321777, 0.07055320590734482, -0.37616708874702454, 0.4334855079650879], [0.1394769847393036, -0.30952268838882446, -0.45679783821105957, 0.61585932970047], [-0.051281508058309555, 0.0529915913939476, 0.09550075978040695, 0.9272611737251282]], [[-0.22991757094860077, -0.16024062037467957, 0.2923719882965088, -0.10017705708742142], [-0.7154678106307983, 0.02605288475751877, -1.0335885286331177, 0.27730756998062134], [0.3607102930545807, 0.23809637129306793, -0.06253267824649811, -0.02916102670133114], [-0.5553751587867737, 0.35641539096832275, -1.208086371421814, 0.9775912165641785]], [[0.04583599790930748, 0.09417352080345154, 0.7710874080657959, -0.06993131339550018], [-0.2321217656135559, 0.19575706124305725, -0.2077665477991104, 0.29558396339416504], [-0.3438520133495331, 0.32784441113471985, 0.39937567710876465, 0.32965970039367676], [0.24772796034812927, 0.44299861788749695, 0.3376031816005707, 0.0934603363275528]], [[0.7557772397994995, -0.3355116546154022, 0.2870657742023468, -0.6295235753059387], [0.06077703833580017, -0.21398460865020752, -0.2540505528450012, -0.1094774603843689], [-0.26087045669555664, -0.6291909217834473, 0.6678435206413269, 0.06141115725040436], [0.6076985597610474, -0.5347598791122437, 0.005631791427731514, -0.3154152035713196]], [[0.028083622455596924, 0.11886274814605713, -0.09693652391433716, -0.05216866731643677], [0.12142413854598999, -0.09973293542861938, -0.11455154418945312, -0.007945895195007324], [-0.24250072240829468, -0.03945261240005493, 0.18430370092391968, -0.0058400630950927734], [0.21117210388183594, -0.18291038274765015, 0.1943337321281433, 0.24272745847702026]]]}, "dense": {"bias:0": [0.08143652230501175], "kernel:0": [[0.3373204469680786], [-0.05497635155916214], [0.10380096733570099], [0.1618712693452835], [-0.6025510430335999], [-0.5537352561950684], [-0.2529018223285675], [-0.2512781322002411], [-0.1544351428747177], [-0.5028072595596313], [0.029331207275390625], [-0.053312934935092926], [0.18245060741901398], [-0.044061727821826935], [0.052918385714292526], [-0.1194964051246643], [0.052173588424921036], [-0.13131864368915558], [0.12010177224874496], [-0.4290613532066345], [-1.0572742223739624], [1.4124077558517456], [0.048272646963596344], [0.7531490325927734]]}, "lstm": {"lstm_cell": {},