{"conv1d": {"bias:0": [-0.0017037211218848825, -0.012046847492456436, -0.010931245051324368, 0.007172549143433571], "kernel:0": [[[-9.079573631286621, -0.9886499047279358, 11.839862823486328, 4.400637626647949]], [[3.923353433609009, -2.830350875854492, -13.232606887817383, -2.043344497680664]], [[2.146749496459961, -1.274253487586975, -3.606901168823242, -0.6732776165008545]], [[-1.2166248559951782, -1.1148611307144165, 0.8285657167434692, 1.2118710279464722]], [[-1.3887048959732056, -0.9282181262969971, 0.800035834312439, 1.5931004285812378]], [[-0.24405929446220398, -1.6742939949035645, 1.3800580501556396, 1.0542008876800537]], [[0.8350516557693481, -2.2761647701263428, 1.3999898433685303, -0.0377376563847065]], [[3.6565186977386475, -1.7702889442443848, 0.6203848719596863, -1.3816335201263428]], [[4.851800441741943, -1.7706010341644287, 1.0729405879974365, -2.1854798793792725]], [[3.3171777725219727, -3.3941280841827393, 1.3147679567337036, -2.106987476348877]], [[-0.8885639905929565, -1.8475662469863892, 0.5323918461799622, -0.5406017899513245]], [[-9.144620895385742, 4.503323078155518, -2.606281042098999, 0.07369482517242432]]]}, "conv1d_1": {"bias:0": [0.17004862427711487, -0.09165646880865097, 0.09167123585939407, -0.09207603335380554], "kernel:0": [[[-0.20619070529937744, -0.1343519687652588, -0.046999454498291016, -0.09826475381851196], [0.22387689352035522, 0.09401094913482666, 0.00135117769241333, -0.0006124377250671387], [0.0474814772605896, 0.010611653327941895, -0.04713219404220581, 0.133320152759552], [0.2214232087135315, 0.048726677894592285, 0.09064847230911255, -0.16804957389831543]], [[7.425604820251465, -11.932003021240234, -0.6817075610160828, -0.45782554149627686], [6.537776947021484, -10.724431991577148, 4.252458095550537, 6.601916313171387], [-16.0230770111084, 21.338991165161133, 10.882586479187012, 15.019344329833984], [0.9062639474868774, 0.9438657760620117, 9.976946830749512, 11.099106788635254]], [[-2.4962196350097656, 3.6762964725494385, 0.3371742069721222, 0.2326035350561142], [6.884991645812988, 6.356265068054199, 3.4558510780334473, 0.422674298286438], [5.476534843444824, -5.9626665115356445, -0.04028664901852608, -1.5757334232330322], [-3.306248426437378, 5.115142345428467, -13.806177139282227, -13.878861427307129]], [[-6.097040176391602, 3.078427314758301, -5.099643230438232, -0.6912851333618164], [-8.414813041687012, 1.7855292558670044, -9.381701469421387, -1.6152278184890747], [-4.384937286376953, -3.8292627334594727, -4.603071212768555, -3.0241637229919434], [3.461395502090454, -3.252337694168091, 4.669064044952393, 4.452284336090088]], [[-0.7129960060119629, 0.5622405409812927, 1.5659412145614624, 1.593387246131897], [1.6935967206954956, -0.7871275544166565, 0.3150477111339569, 1.0232192277908325], [4.426136493682861, -1.787870168685913, -0.5373890399932861, -1.8597911596298218], [0.8683168292045593, -0.1655479520559311, -1.23970627784729, -0.9285395741462708]], [[1.0998526811599731, 0.8770211935043335, -0.35719504952430725, -0.36286425590515137], [0.8780646324157715, -0.5297236442565918, -1.2550088167190552, 0.6871381402015686], [2.1465649604797363, -2.5561747550964355, -0.4866681396961212, -2.908156394958496], [-0.86832594871521, -0.6484910845756531, -0.08735384047031403, 0.8541762828826904]], [[-0.23044353723526, 0.9428542852401733, -0.1528031975030899, 0.45522841811180115], [1.2625054121017456, -0.508282482624054, -0.7862059473991394, 0.3746546804904938], [2.20609974861145, -1.5815943479537964, 0.20370177924633026, -2.631805181503296], [-0.3871358633041382, -0.36395472288131714, 0.018854159861803055, -0.1670185625553131]], [[-0.2764570116996765, 0.7674835324287415, 1.0205481052398682, 0.2020324021577835], [0.6967360973358154, -0.24306680262088776, -1.1207352876663208, 0.8731731176376343], [2.3736867904663086, -1.0672881603240967, -2.309735059738159, -0.5730857253074646], [0.5208951234817505, -0.4240977168083191, 0.5062160491943359, -1.1727889776229858]], [[0.8963811993598938, 0.6556832194328308, 0.6665796637535095, -0.4514527916908264], [1.208903193473816, -0.28668496012687683, -1.3065755367279053, 0.4976816475391388], [-0.061008747667074203, -0.9759857058525085, -1.9462223052978516, 0.6094086766242981], [-0.4223893880844116, -0.5039994716644287, -0.09093047678470612, 1.777090072631836]], [[-2.3355493545532227, 1.0011913776397705, 1.0910720825195312, 0.07683131843805313], [0.11694247275590897, 0.002877885475754738, -0.31663304567337036, -0.47426947951316833], [2.235792398452759, -1.597369909286499, 0.4283040165901184, -2.571481227874756], [-1.2509104013442993, 0.09374531358480453, 0.7024714946746826, -1.4679844379425049]], [[1.40926194190979, -0.33336788415908813, -0.8688400983810425, 1.869645118713379], [0.6791831254959106, -0.2291349619626999, -0.6703448295593262, 0.7440090179443359], [1.2435756921768188, -1.7327910661697388, -1.6965022087097168, -0.2940477430820465], [0.58955979347229, -0.8959716558456421, -0.6172395348548889, -0.6545178294181824]], [[-0.04980653524398804, -0.15072143077850342, -0.09813451766967773, -0.2335982322692871], [0.23593050241470337, 0.21824795007705688, -0.19553667306900024, 0.0004483461380004883], [-0.09956967830657959, -0.15471631288528442, -0.12431734800338745, 0.19846957921981812], [0.07630610466003418, -0.14188361167907715, 0.08479130268096924, 0.0239870548248291]]]}, "dense": {"bias:0": [-0.18524180352687836], "kernel:0": [[-0.2193874716758728], [-0.5302090048789978], [-0.10990191996097565], [-0.2645469009876251], [0.03750286623835564], [-0.11992841213941574], [-0.16544899344444275], [0.05654095485806465], [-0.10582669079303741], [0.041072070598602295], [-0.4388890266418457], [-0.14437128603458405], [0.1633242815732956], [-0.22483769059181213], [0.05498647317290306], [-0.13734841346740723], [0.0657721757888794], [-0.30890944600105286], [0.19798314571380615], [-0.03139578923583031], [0.0964609682559967], [-0.3871573209762573], [0.10676246881484985], [-0.1372021734714508]]}, "lstm": {"lstm_cell": {},